{"cameraMode":{"drawMode":0,"name":"Shaded","section":"Shading Mode"},"sceneLighting":false,"audioPlay":false,"sceneViewState":{"showFog":true,"showMaterialUpdate":false,"showSkybox":true,"showFlares":true,"showImageEffects":true,"showParticleSystems":true},"in2DMode":false,"pivot":{"x":134.4745635986328,"y":225.47740173339845,"z":81.68243408203125},"rotation":{"x":0.03271668031811714,"y":-0.13155092298984528,"z":0.004343200474977493,"w":0.9907639026641846},"size":698.1046752929688,"orthographic":false}